subdivision_id,subdivision_code,subdivision_name
1,J&K,"Jammu, Kashmir & Ladakh"
2,HP,Himachal Pradesh
3,PB,Punjab
4,AR,Arunachal Pradesh
5,W.RJ,West Rajasthan
6,HR/DL,"Haryana, Chandigarh & Delhi"
7,W.UP,West Uttar Pradesh
8,E.UP,East Uttar Pradesh
9,SIK/NWB,Sub-Himalayan West Bengal & Sikkim
10,ASM,Assam & Meghalaya
11,E.RJ,East Rajasthan
12,BR,Bihar
13,GWB,Gangetic West Bengal
14,NE.HL,"Nagaland, Manipur, Mizoram & Tripura"
15,GJ,Gujarat Region
16,W.MP,West Madhya Pradesh
17,E.MP,East Madhya Pradesh
18,JH,Jharkhand
19,OD,Odisha
20,SAU/KCH,Saurashtra & Kutch
21,MDH.MH,Madhya Maharashtra
22,VID,Vidarbha
23,CG,Chhattisgarh
24,KNK/GA,Konkan & Goa
25,MWD,Marathwada
26,TG,Telangana
27,CST.AP,Coastal Andhra Pradesh
28,CST.KA,Coastal Karnataka
29,NI.KA,North Interior Karnataka
30,RYL,Rayalaseema
31,KL,Kerala
32,SI.KA,South Interior Karnataka
33,TN/PY,Tamil Nadu & Puducherry
